grid_id,Species_richness_frogid,Number_of_samples,lon,lat,Remoteness,aus_coastline,Ecoregion
107,1,1,113.75,-24.75,608.4033881532638,5,Deserts & Xeric Shrublands
169,3,4,114.25,-27.75,366.79663588824496,5,Mediterranean Forests
235,7,41,114.75,-28.75,266.99680050701596,5,Mediterranean Forests
236,1,2,114.75,-28.25,322.47797800043236,5,Mediterranean Forests
292,10,60,115.25,-34.25,160.61466209018462,5,Mediterranean Forests
293,10,535,115.25,-33.75,129.76645200906617,5,Mediterranean Forests
300,3,15,115.25,-30.25,148.537082819219,5,Mediterranean Forests
301,3,7,115.25,-29.75,202.60280171957726,5,Mediterranean Forests
360,7,78,115.75,-34.25,167.14031231952978,5,Mediterranean Forests
361,9,88,115.75,-33.75,121.95268810508885,5,Mediterranean Forests
362,10,221,115.75,-33.25,74.52294198586804,5,Mediterranean Forests
363,9,67,115.75,-32.75,39.11421870991374,5,Mediterranean Forests
365,11,3066,115.75,-31.75,12.090615135479203,5,Mediterranean Forests
366,4,10,115.75,-31.25,64.51801947265076,5,Mediterranean Forests
368,3,3,115.75,-30.25,173.60923093665556,5,Mediterranean Forests
369,3,6,115.75,-29.75,206.33367138952994,5,Mediterranean Forests
427,10,194,116.25,-34.75,215.66778599194515,5,Mediterranean Forests
428,9,57,116.25,-34.25,166.49987442186244,5,Mediterranean Forests
429,8,81,116.25,-33.75,133.39537642664465,5,Mediterranean Forests
430,6,21,116.25,-33.25,107.75855353986414,5,Mediterranean Forests
431,4,10,116.25,-32.75,72.6492872974088,5,Mediterranean Forests
432,12,380,116.25,-32.25,39.9406244071697,5,Mediterranean Forests
433,13,846,116.25,-31.75,33.29109726033883,5,Mediterranean Forests
434,5,17,116.25,-31.25,68.23790332522704,5,Mediterranean Forests
453,1,22,116.25,-21.75,975.4259825703533,5,Deserts & Xeric Shrublands
454,2,12,116.25,-21.25,1014.2899603098617,5,Deserts & Xeric Shrublands
495,7,25,116.75,-34.75,249.94176365320058,5,Mediterranean Forests
496,12,490,116.75,-34.25,191.3344996917792,5,Mediterranean Forests
497,2,2,116.75,-33.75,157.1213287331009,5,Mediterranean Forests
499,4,31,116.75,-32.75,90.51878907261234,5,Mediterranean Forests
500,4,10,116.75,-32.25,78.74733886428989,5,Mediterranean Forests
501,4,22,116.75,-31.75,63.08250793862822,5,Mediterranean Forests
505,4,11,116.75,-29.75,233.07263451337295,5,Mediterranean Forests
507,2,4,116.75,-28.75,444.01145914580803,5,Mediterranean Forests
523,2,11,116.75,-20.75,969.8570112967134,5,Deserts & Xeric Shrublands
563,9,289,117.25,-34.75,268.27685305441355,5,Mediterranean Forests
564,1,1,117.25,-34.25,202.70048401207671,5,Mediterranean Forests
565,1,1,117.25,-33.75,166.51746275892881,5,Mediterranean Forests
566,2,2,117.25,-33.25,141.58078699659706,5,Mediterranean Forests
567,3,4,117.25,-32.75,110.58721109191538,5,Mediterranean Forests
568,1,1,117.25,-32.25,105.12448334808211,5,Mediterranean Forests
569,3,12,117.25,-31.75,93.61177250678641,5,Mediterranean Forests
573,1,1,117.25,-29.75,319.9837722381105,5,Mediterranean Forests
589,1,5,117.25,-21.75,1163.7036736655439,5,Deserts & Xeric Shrublands
631,10,153,117.75,-34.75,242.60044403359748,5,Mediterranean Forests
632,1,1,117.75,-34.25,227.90629574974608,5,Mediterranean Forests
633,1,1,117.75,-33.75,193.0395489860498,5,Mediterranean Forests
635,1,3,117.75,-32.75,149.5263343675382,5,Mediterranean Forests
637,1,1,117.75,-31.75,130.0696566822314,5,Mediterranean Forests
642,3,4,117.75,-29.25,358.3494278649104,5,Mediterranean Forests
644,2,3,117.75,-28.25,397.7246930942595,5,Deserts & Xeric Shrublands
646,1,1,117.75,-27.25,499.3380600301983,5,Deserts & Xeric Shrublands
655,1,2,117.75,-22.75,964.0714767383079,5,Deserts & Xeric Shrublands
699,3,4,118.25,-34.75,294.6074971930065,5,Mediterranean Forests
700,2,2,118.25,-34.25,256.0602350915361,5,Mediterranean Forests
724,1,1,118.25,-22.25,939.1883142984028,5,Deserts & Xeric Shrublands
769,2,2,118.75,-33.75,274.55041677059626,5,Mediterranean Forests
772,3,16,118.75,-32.25,220.4824035307023,5,Mediterranean Forests
792,3,6,118.75,-22.25,928.9252963816106,5,Deserts & Xeric Shrublands
795,2,10,118.75,-20.75,1069.8230798551094,5,Deserts & Xeric Shrublands
836,1,3,119.25,-34.25,347.66430676576107,5,Mediterranean Forests
839,1,1,119.25,-32.75,279.4969023785328,5,Mediterranean Forests
853,1,1,119.25,-25.75,725.8922547432637,5,Deserts & Xeric Shrublands
860,1,2,119.25,-22.25,1004.1550607039858,5,Deserts & Xeric Shrublands
907,1,1,119.75,-32.75,348.3196656431869,5,Mediterranean Forests
928,1,2,119.75,-22.25,889.6395787950632,5,Deserts & Xeric Shrublands
930,4,8,119.75,-21.25,982.0255566970195,5,Deserts & Xeric Shrublands
973,4,12,120.25,-33.75,388.73664995435234,5,Mediterranean Forests
976,1,2,120.25,-32.25,609.1237805637161,5,Mediterranean Forests
978,1,1,120.25,-31.25,410.3139914990379,5,Mediterranean Forests
1041,3,9,120.75,-33.75,403.23925992429383,5,Mediterranean Forests
1053,1,1,120.75,-27.75,609.8906635594809,5,Deserts & Xeric Shrublands
1062,1,2,120.75,-23.25,972.7999862087435,5,Deserts & Xeric Shrublands
1115,1,3,121.25,-30.75,403.8982977343614,5,Mediterranean Forests
1177,3,10,121.75,-33.75,452.4391970282046,5,Mediterranean Forests
1178,1,1,121.75,-33.25,518.5452796805645,5,Mediterranean Forests
1187,4,14,121.75,-28.75,640.061404433725,5,Deserts & Xeric Shrublands
1201,1,1,121.75,-21.75,1573.9400414933305,5,Deserts & Xeric Shrublands
1269,1,1,122.25,-21.75,1672.5708327965128,5,Deserts & Xeric Shrublands
1276,2,2,122.25,-18.25,1184.1591674259475,5,Tropical & Subtropical Grasslands
1277,6,85,122.25,-17.75,1121.3052489938443,5,Tropical & Subtropical Grasslands
1381,1,1,123.25,-33.75,599.2687907889364,5,Mediterranean Forests
1452,1,1,123.75,-32.25,723.7829610361114,5,Mediterranean Forests
1482,6,70,123.75,-17.25,1004.4582598525633,5,Tropical & Subtropical Grasslands
1549,8,18,124.25,-17.75,1046.3920255251446,5,Tropical & Subtropical Grasslands
1686,12,101,125.25,-17.25,945.9935489303112,5,Tropical & Subtropical Grasslands
1687,3,3,125.25,-16.75,1132.1746197060763,5,Tropical & Subtropical Grasslands
1755,1,1,125.75,-16.75,912.0430359433165,5,Tropical & Subtropical Grasslands
1759,1,1,125.75,-14.75,1350.7236382749745,5,Tropical & Subtropical Grasslands
1823,1,1,126.25,-16.75,902.2573000783981,5,Tropical & Subtropical Grasslands
1825,16,214,126.25,-15.75,905.8052874443675,5,Tropical & Subtropical Grasslands
1891,1,1,126.75,-16.75,1152.2838658756364,5,Tropical & Subtropical Grasslands
1934,1,1,127.25,-29.25,1132.140092399205,5,Deserts & Xeric Shrublands
2097,2,2,128.25,-15.75,612.559148830803,5,Tropical & Subtropical Grasslands
2098,1,1,128.25,-15.25,762.8263148949,5,Tropical & Subtropical Grasslands
2165,13,72,128.75,-15.75,579.9443945147011,5,Tropical & Subtropical Grasslands
2233,8,21,129.25,-15.75,694.9128508576034,7,Tropical & Subtropical Grasslands
2359,2,3,130.25,-20.75,1259.975582529658,7,Deserts & Xeric Shrublands
2366,1,1,130.25,-17.25,715.6644379537796,7,Tropical & Subtropical Grasslands
2369,7,12,130.25,-15.75,479.7646369373372,7,Tropical & Subtropical Grasslands
2434,6,15,130.75,-17.25,619.7574267640201,7,Tropical & Subtropical Grasslands
2435,9,61,130.75,-16.75,681.5850280625305,7,Tropical & Subtropical Grasslands
2441,5,16,130.75,-13.75,231.14764839792116,7,Tropical & Subtropical Grasslands
2442,11,47,130.75,-13.25,170.7755527415133,7,Tropical & Subtropical Grasslands
2443,19,1205,130.75,-12.75,103.72279119724449,7,Tropical & Subtropical Grasslands
2445,1,1,130.75,-11.75,280.86668722207736,7,Tropical & Subtropical Grasslands
2486,2,10,131.25,-25.25,1092.5458670300466,7,Deserts & Xeric Shrublands
2508,16,40,131.25,-14.25,462.8116558306706,7,Tropical & Subtropical Grasslands
2509,15,48,131.25,-13.75,239.0208444097237,7,Tropical & Subtropical Grasslands
2510,21,372,131.25,-13.25,149.65865347404457,7,Tropical & Subtropical Grasslands
2511,20,3396,131.25,-12.75,86.62034440722847,7,Tropical & Subtropical Grasslands
2512,17,122,131.25,-12.25,137.6757062362136,7,Tropical & Subtropical Grasslands
2556,1,2,131.75,-24.25,1147.2934056498361,7,Deserts & Xeric Shrublands
2571,3,6,131.75,-16.75,518.9689999138923,7,Tropical & Subtropical Grasslands
2572,5,16,131.75,-16.25,463.58831547804994,7,Tropical & Subtropical Grasslands
2575,4,4,131.75,-14.75,356.82840723141294,7,Tropical & Subtropical Grasslands
2576,2,2,131.75,-14.25,301.93321668231766,7,Tropical & Subtropical Grasslands
2577,14,75,131.75,-13.75,205.57469052909593,7,Tropical & Subtropical Grasslands
2579,16,80,131.75,-12.75,140.2550258879002,7,Tropical & Subtropical Grasslands
2643,11,19,132.25,-14.75,364.0560017476,7,Tropical & Subtropical Grasslands
2644,18,137,132.25,-14.25,256.2246937334459,7,Tropical & Subtropical Grasslands
2645,16,42,132.25,-13.75,312.02459876480566,7,Tropical & Subtropical Grasslands
2647,3,3,132.25,-12.75,212.1075011997751,7,Tropical & Subtropical Grasslands
2650,2,2,132.25,-11.25,636.1430691783917,7,Tropical & Subtropical Grasslands
2692,4,5,132.75,-24.25,1075.3984424741727,7,Deserts & Xeric Shrublands
2711,5,6,132.75,-14.75,313.2062907235824,7,Tropical & Subtropical Grasslands
2712,1,1,132.75,-14.25,419.9645854465511,7,Tropical & Subtropical Grasslands
2715,20,328,132.75,-12.75,224.06854927171221,7,Tropical & Subtropical Grasslands
2761,2,4,133.25,-23.75,1042.3347385582965,7,Deserts & Xeric Shrublands
2778,5,7,133.25,-15.25,372.25948351193404,7,Tropical & Subtropical Grasslands
2779,12,34,133.25,-14.75,406.1245227549794,7,Tropical & Subtropical Grasslands
2780,3,4,133.25,-14.25,490.26612856067084,7,Tropical & Subtropical Grasslands
2784,7,31,133.25,-12.25,294.94996944882433,7,Tropical & Subtropical Grasslands
2829,4,90,133.75,-23.75,967.721333327271,7,Deserts & Xeric Shrublands
2840,3,3,133.75,-18.25,638.6213627189702,7,Deserts & Xeric Shrublands
2848,7,12,133.75,-14.25,460.8667216317249,7,Tropical & Subtropical Grasslands
2879,1,2,134.25,-32.75,456.7172029928152,4,Mediterranean Forests
2891,1,1,134.25,-26.75,1261.642419713684,4,Deserts & Xeric Shrublands
2897,1,1,134.25,-23.75,1054.3330019938787,7,Deserts & Xeric Shrublands
2917,16,39,134.25,-13.75,469.2902716533933,7,Tropical & Subtropical Grasslands
2919,1,3,134.25,-12.75,641.8803219407494,7,Tropical & Subtropical Grasslands
2920,1,1,134.25,-12.25,338.29241565025353,7,Tropical & Subtropical Grasslands
2983,8,17,134.75,-14.75,481.8571325999475,7,Tropical & Subtropical Grasslands
2986,10,21,134.75,-13.25,559.8569021593117,7,Tropical & Subtropical Grasslands
3049,1,1,135.25,-15.75,1048.5345317729202,7,Tropical & Subtropical Grasslands
3055,11,44,135.25,-12.75,613.5277028919608,7,Tropical & Subtropical Grasslands
3056,2,2,135.25,-12.25,571.7175968173368,7,Tropical & Subtropical Grasslands
3079,1,2,135.75,-34.75,427.34729325426645,4,Mediterranean Forests
3123,3,4,135.75,-12.75,617.7886662403455,7,Tropical & Subtropical Grasslands
3171,1,1,136.25,-22.75,1013.4452985826665,7,Deserts & Xeric Shrublands
3189,8,35,136.25,-13.75,742.8823175384348,7,Tropical & Subtropical Grasslands
3191,1,1,136.25,-12.75,628.4274513490692,7,Tropical & Subtropical Grasslands
3213,2,5,136.75,-35.75,224.17130511783785,4,Mediterranean Forests
3281,2,4,137.25,-35.75,185.41847758395215,4,Mediterranean Forests
3349,3,12,137.75,-35.75,149.66324691183698,4,Mediterranean Forests
3353,1,7,137.75,-33.75,95.70353954783927,4,Mediterranean Forests
3420,1,1,138.25,-34.25,54.86809695752746,4,Mediterranean Forests
3421,1,1,138.25,-33.75,91.92299489098016,4,Mediterranean Forests
3422,1,1,138.25,-33.25,125.20929388853118,4,Mediterranean Forests
3423,1,3,138.25,-32.75,169.87095789243483,4,Mediterranean Forests
3425,1,2,138.25,-31.75,300.28601635332444,4,Deserts & Xeric Shrublands
3449,1,1,138.25,-19.75,770.0980170397786,3,Tropical & Subtropical Grasslands
3486,9,531,138.75,-35.25,24.96523643565042,4,Mediterranean Forests
3487,8,917,138.75,-34.75,10.71278106484714,4,Mediterranean Forests
3488,4,48,138.75,-34.25,45.80539836507549,4,Mediterranean Forests
3489,2,12,138.75,-33.75,86.72174377027919,4,Mediterranean Forests
3490,2,2,138.75,-33.25,124.00013467231518,4,Mediterranean Forests
3491,1,1,138.75,-32.75,183.46315024340873,4,Deserts & Xeric Shrublands
3493,2,2,138.75,-31.75,319.0178706911193,4,Deserts & Xeric Shrublands
3494,2,4,138.75,-31.25,331.7482246543794,4,Deserts & Xeric Shrublands
3516,2,2,138.75,-20.25,764.0892165489435,3,Tropical & Subtropical Grasslands
3553,2,7,139.25,-35.75,112.72405339657375,4,NA
3554,6,70,139.25,-35.25,61.94313528566937,4,Mediterranean Forests
3555,6,12,139.25,-34.75,45.84045493574068,4,Mediterranean Forests
3556,2,2,139.25,-34.25,67.60696204988596,4,Mediterranean Forests
3573,1,1,139.25,-25.75,956.0916994807066,3,Deserts & Xeric Shrublands
3576,4,20,139.25,-24.25,869.2867162708834,3,Deserts & Xeric Shrublands
3583,2,11,139.25,-20.75,782.3185349216991,3,Tropical & Subtropical Grasslands
3585,1,1,139.25,-19.75,866.099604416529,3,Tropical & Subtropical Grasslands
3623,7,45,139.75,-34.75,100.17171089635266,4,Mediterranean Forests
3624,5,21,139.75,-34.25,102.22852587232926,4,Mediterranean Forests
3647,2,3,139.75,-22.75,710.8944775461106,3,Tropical & Subtropical Grasslands
3651,6,11,139.75,-20.75,630.8466183509405,3,Tropical & Subtropical Grasslands
3753,6,111,140.75,-37.75,206.4367976667318,4,Mediterranean Forests
3754,5,5,140.75,-37.25,219.88236479319718,4,Mediterranean Forests
3755,4,15,140.75,-36.75,213.96492989035548,4,Mediterranean Forests
3759,1,1,140.75,-34.75,186.6936158879078,4,Mediterranean Forests
3760,5,25,140.75,-34.25,167.2486982992201,4,Mediterranean Forests
3761,1,1,140.75,-33.75,269.94120435500054,4,Mediterranean Forests
3785,1,1,140.75,-21.75,701.4544266447954,3,Tropical & Subtropical Grasslands
3787,10,57,140.75,-20.75,540.1361354319041,3,Tropical & Subtropical Grasslands
3788,5,18,140.75,-20.25,620.7155587734472,3,Tropical & Subtropical Grasslands
3821,6,28,141.25,-37.75,173.39466743450123,2,Mediterranean Forests
3822,3,5,141.25,-37.25,185.41027191303039,2,Mediterranean Forests
3823,3,9,141.25,-36.75,197.08181234306548,2,Mediterranean Forests
3828,4,4,141.25,-34.25,210.88174501196863,2,Mediterranean Forests
3833,2,7,141.25,-31.75,427.91164468622736,1,Deserts & Xeric Shrublands
3888,1,3,141.75,-38.25,157.43863853210962,2,Temperate Broadleaf & Mixed Forests
3889,2,3,141.75,-37.75,140.02439918079182,2,Temperate Broadleaf & Mixed Forests
3890,3,3,141.75,-37.25,153.48304310374223,2,Temperate Broadleaf & Mixed Forests
3891,1,2,141.75,-36.75,165.18594979935116,2,Mediterranean Forests
3896,6,16,141.75,-34.25,229.78257405297205,2,Mediterranean Forests
3901,1,1,141.75,-31.75,401.9256497141509,1,Deserts & Xeric Shrublands
3923,1,2,141.75,-20.75,456.93698615283756,3,Tropical & Subtropical Grasslands
3934,5,5,141.75,-15.25,698.7199812440754,3,Tropical & Subtropical Grasslands
3935,4,9,141.75,-14.75,831.7018055034349,3,Tropical & Subtropical Grasslands
3956,2,9,142.25,-38.25,133.44468540617828,2,Temperate Broadleaf & Mixed Forests
3957,6,35,142.25,-37.75,115.98769536372336,2,Temperate Broadleaf & Mixed Forests
3959,5,31,142.25,-36.75,125.55904491001337,2,Mediterranean Forests
3960,1,2,142.25,-36.25,145.23999571035432,2,Mediterranean Forests
3961,1,2,142.25,-35.75,171.90645707701827,2,Mediterranean Forests
3964,7,94,142.25,-34.25,254.27308439575052,1,Mediterranean Forests
3968,3,6,142.25,-32.25,435.5520478259016,1,Deserts & Xeric Shrublands
3991,1,2,142.25,-20.75,443.660742782352,3,Tropical & Subtropical Grasslands
4010,1,1,142.25,-11.25,637.5255851595208,3,Tropical & Subtropical Grasslands
4024,5,15,142.75,-38.25,100.91777164556193,2,Temperate Broadleaf & Mixed Forests
4025,1,2,142.75,-37.75,92.79933988288856,2,Temperate Broadleaf & Mixed Forests
4026,6,38,142.75,-37.25,89.3555496455046,2,Temperate Broadleaf & Mixed Forests
4027,3,6,142.75,-36.75,102.51657690263133,2,Mediterranean Forests
4029,1,2,142.75,-35.75,135.56337010230413,2,Mediterranean Forests
4031,1,3,142.75,-34.75,212.6751494277395,2,Mediterranean Forests
4074,2,2,142.75,-13.25,476.20029640060193,3,Tropical & Subtropical Grasslands
4076,4,4,142.75,-12.25,628.6723649257223,3,Tropical & Subtropical Grasslands
4077,10,45,142.75,-11.75,594.2376298506841,3,Tropical & Subtropical Grasslands
4091,3,18,143.25,-38.75,87.0517888500637,2,Temperate Broadleaf & Mixed Forests
4092,4,45,143.25,-38.25,77.12010364365752,2,Temperate Broadleaf & Mixed Forests
4093,8,449,143.25,-37.75,62.96836226413175,2,Temperate Broadleaf & Mixed Forests
4094,2,3,143.25,-37.25,61.65255120550287,2,Temperate Broadleaf & Mixed Forests
4096,1,2,143.25,-36.25,86.40365444171981,2,Mediterranean Forests
4098,6,17,143.25,-35.25,155.36688062322773,2,Mediterranean Forests
4105,2,2,143.25,-31.75,492.40506715587895,1,Temperate Grasslands
4120,7,40,143.25,-24.25,616.0582732673081,3,Deserts & Xeric Shrublands
4130,2,4,143.25,-19.25,703.9840240084762,3,Tropical & Subtropical Grasslands
4132,4,4,143.25,-18.25,323.29162445231583,3,Tropical & Subtropical Grasslands
4140,2,2,143.25,-14.25,393.1906981846463,3,Tropical & Subtropical Grasslands
4143,9,53,143.25,-12.75,560.7848617236974,3,Tropical & Subtropical Grasslands
4160,6,37,143.75,-38.25,50.63982253630569,2,Temperate Broadleaf & Mixed Forests
4161,9,296,143.75,-37.75,28.05754656887016,2,Temperate Broadleaf & Mixed Forests
4162,9,138,143.75,-37.25,30.456169984205435,2,Temperate Broadleaf & Mixed Forests
4163,8,58,143.75,-36.75,43.03417728954634,2,Temperate Broadleaf & Mixed Forests
4164,3,8,143.75,-36.25,63.601430334856715,2,Temperate Broadleaf & Mixed Forests
4165,6,8,143.75,-35.75,100.25474650614142,2,Mediterranean Forests
4166,6,38,143.75,-35.25,148.42060039879829,1,Temperate Grasslands
4168,5,13,143.75,-34.25,260.7525080915092,1,Temperate Grasslands
4181,3,4,143.75,-27.75,679.7110240441077,3,Deserts & Xeric Shrublands
4192,2,3,143.75,-22.25,542.0635472702616,3,Tropical & Subtropical Grasslands
4199,3,6,143.75,-18.75,331.9381124014676,3,Tropical & Subtropical Grasslands
4200,13,124,143.75,-18.25,280.4837784482758,3,Tropical & Subtropical Grasslands
4228,9,279,144.25,-38.25,16.636857849923675,2,Temperate Broadleaf & Mixed Forests
4229,7,384,144.25,-37.75,27.19335544828991,2,Temperate Broadleaf & Mixed Forests
4230,11,780,144.25,-37.25,34.56453684001893,2,Temperate Broadleaf & Mixed Forests
4231,8,237,144.25,-36.75,18.285919195480545,2,Temperate Broadleaf & Mixed Forests
4232,7,42,144.25,-36.25,49.87075418652618,2,Temperate Grasslands
4233,6,27,144.25,-35.75,99.39737566508681,2,Temperate Grasslands
4234,6,20,144.25,-35.25,161.14776210923634,1,Temperate Grasslands
4235,5,37,144.25,-34.75,225.2203652706292,1,Temperate Grasslands
4236,1,1,144.25,-34.25,273.3048108671124,1,Temperate Grasslands
4247,4,5,144.25,-28.75,698.3730433422533,3,Temperate Grasslands
4257,1,1,144.25,-23.75,514.7872377842604,3,Tropical & Subtropical Grasslands
4258,2,5,144.25,-23.25,467.75347064187275,3,Tropical & Subtropical Grasslands
4268,7,24,144.25,-18.25,240.16778875203508,3,Tropical & Subtropical Grasslands
4270,2,6,144.25,-17.25,241.43637570021806,3,Tropical & Subtropical Grasslands
4273,1,1,144.25,-15.75,336.1249130709007,3,Tropical & Subtropical Grasslands
4290,5,8,144.75,-41.25,304.9169644599384,6,Temperate Broadleaf & Mixed Forests
4291,4,6,144.75,-40.75,255.54209846500908,6,Temperate Broadleaf & Mixed Forests
4297,10,356,144.75,-37.75,8.05341462443353,2,Temperate Broadleaf & Mixed Forests
4298,9,329,144.75,-37.25,39.04452092020707,2,Temperate Broadleaf & Mixed Forests
4299,7,52,144.75,-36.75,41.90644044654173,2,Temperate Broadleaf & Mixed Forests
4300,7,112,144.75,-36.25,58.67724956264413,2,Temperate Grasslands
4301,6,25,144.75,-35.75,110.61113817496476,1,Temperate Grasslands
4302,6,7,144.75,-35.25,172.07418215554324,1,Temperate Grasslands
4303,1,2,144.75,-34.75,217.62074908235394,1,Temperate Grasslands
4310,2,5,144.75,-31.25,589.1014351360177,1,Mediterranean Forests
4336,16,298,144.75,-18.25,207.30975238812178,3,Tropical & Subtropical Grasslands
4341,5,11,144.75,-15.75,255.35811496813125,3,Tropical & Subtropical Grasslands
4357,3,14,145.25,-41.75,263.9195296111108,6,Temperate Broadleaf & Mixed Forests
4358,5,16,145.25,-41.25,298.7636153552616,6,Temperate Broadleaf & Mixed Forests
4365,14,1871,145.25,-37.75,6.517787854596617,2,Temperate Broadleaf & Mixed Forests
4366,12,188,145.25,-37.25,45.323290120100715,2,Temperate Broadleaf & Mixed Forests
4367,5,10,145.25,-36.75,71.33641302591627,2,Temperate Grasslands
4368,10,137,145.25,-36.25,80.63934080506995,2,Temperate Grasslands
4369,3,7,145.25,-35.75,136.3103713618212,1,Temperate Grasslands
4370,2,2,145.25,-35.25,234.43845441646485,1,Temperate Grasslands
4371,3,5,145.25,-34.75,285.1601516086247,1,Temperate Grasslands
4374,3,8,145.25,-33.25,384.5885130691699,1,Temperate Grasslands
4382,1,1,145.25,-29.25,622.7252414915985,1,Temperate Grasslands
4392,5,6,145.25,-24.25,570.2631085177732,3,Tropical & Subtropical Grasslands
4393,1,3,145.25,-23.75,527.6856660192108,3,Tropical & Subtropical Grasslands
4405,15,163,145.25,-17.75,140.11989537024343,3,Tropical & Subtropical Grasslands
4406,30,1134,145.25,-17.25,82.36750858507531,3,Tropical & Subtropical Grasslands
4407,37,1196,145.25,-16.75,120.02157445427385,3,Tropical & Subtropical Grasslands
4408,25,377,145.25,-16.25,240.18180173133214,3,Tropical & Subtropical Moist Broadleaf Forests
4409,12,44,145.25,-15.75,183.3204190570549,3,Tropical & Subtropical Moist Broadleaf Forests
4410,14,108,145.25,-15.25,260.3540090079715,3,Tropical & Subtropical Grasslands
4424,3,3,145.75,-42.25,388.31363425601785,6,Temperate Broadleaf & Mixed Forests
4425,3,16,145.75,-41.75,373.0382666144654,6,Temperate Broadleaf & Mixed Forests
4426,6,34,145.75,-41.25,192.4034701655976,6,Temperate Broadleaf & Mixed Forests
4432,8,289,145.75,-38.25,36.86479298836731,2,Temperate Broadleaf & Mixed Forests
4433,11,418,145.75,-37.75,36.797761542700194,2,Temperate Broadleaf & Mixed Forests
4434,8,44,145.75,-37.25,66.48672965891153,2,Temperate Broadleaf & Mixed Forests
4435,8,45,145.75,-36.75,99.54141067512383,2,Temperate Broadleaf & Mixed Forests
4436,3,5,145.75,-36.25,108.86906640171405,2,Temperate Grasslands
4437,5,9,145.75,-35.75,141.85653662815986,1,Temperate Grasslands
4438,2,2,145.75,-35.25,189.78484528972564,1,Temperate Grasslands
4439,4,27,145.75,-34.75,253.14873606853806,1,Temperate Grasslands
4442,3,3,145.75,-33.25,356.9708775329133,1,Mediterranean Forests
4447,4,8,145.75,-30.75,505.1736285567434,1,Temperate Grasslands
4452,1,1,145.75,-28.25,484.72173260063767,3,Temperate Grasslands
4470,1,1,145.75,-19.25,165.19396283839998,3,Tropical & Subtropical Grasslands
4473,13,58,145.75,-17.75,154.7959089782584,3,Tropical & Subtropical Moist Broadleaf Forests
4474,25,394,145.75,-17.25,88.2492694193604,3,Tropical & Subtropical Moist Broadleaf Forests
4490,4,15,146.25,-43.25,364.9970308507859,6,Temperate Broadleaf & Mixed Forests
4491,1,2,146.25,-42.75,214.3797352092124,6,Temperate Broadleaf & Mixed Forests
4492,3,11,146.25,-42.25,282.9462242566395,6,Temperate Broadleaf & Mixed Forests
4493,4,14,146.25,-41.75,188.45668914922214,6,Temperate Broadleaf & Mixed Forests
4494,6,98,146.25,-41.25,145.45405976986058,6,Temperate Broadleaf & Mixed Forests
4500,9,195,146.25,-38.25,67.49518753145318,2,Temperate Broadleaf & Mixed Forests
4501,4,8,146.25,-37.75,85.37020943582854,2,Montane Grasslands & Shrublands
4502,10,80,146.25,-37.25,125.61463574404675,2,Temperate Broadleaf & Mixed Forests
4503,7,105,146.25,-36.75,133.38556975002547,2,Temperate Broadleaf & Mixed Forests
4504,10,129,146.25,-36.25,141.87097447870255,2,Temperate Broadleaf & Mixed Forests
4505,6,23,146.25,-35.75,171.83068166202287,1,Temperate Grasslands
4506,5,22,146.25,-35.25,211.35844968217742,1,Temperate Grasslands
4507,9,73,146.25,-34.75,231.50521893187013,1,Temperate Grasslands
4508,4,40,146.25,-34.25,234.28248492749253,1,Temperate Broadleaf & Mixed Forests
4510,1,1,146.25,-33.25,294.2974242388165,1,Temperate Grasslands
4524,3,7,146.25,-26.25,432.3072283162079,3,Temperate Grasslands
4529,2,2,146.25,-23.75,518.636739710868,3,Tropical & Subtropical Grasslands
4536,1,1,146.25,-20.25,140.54744242397143,3,Tropical & Subtropical Grasslands
4537,5,10,146.25,-19.75,130.53438577805733,3,Tropical & Subtropical Grasslands
4538,13,74,146.25,-19.25,133.87695195837372,3,Tropical & Subtropical Grasslands
4539,8,57,146.25,-18.75,98.36169199101269,3,Tropical & Subtropical Moist Broadleaf Forests
4558,2,17,146.75,-43.25,211.8916442524816,6,Temperate Broadleaf & Mixed Forests
4559,5,15,146.75,-42.75,106.56145836482722,6,Temperate Broadleaf & Mixed Forests
4560,1,2,146.75,-42.25,77.409896375658235,6,Temperate Broadleaf & Mixed Forests
4561,6,77,146.75,-41.75,120.66488058588169,6,Temperate Broadleaf & Mixed Forests
4562,7,96,146.75,-41.25,140.89147065313182,6,Temperate Broadleaf & Mixed Forests
4568,6,32,146.75,-38.25,97.83126160782703,2,Temperate Broadleaf & Mixed Forests
4569,6,42,146.75,-37.75,149.80746971959124,2,Temperate Broadleaf & Mixed Forests
4570,4,10,146.75,-37.25,241.0243247724361,2,Montane Grasslands & Shrublands
4571,9,59,146.75,-36.75,202.3010299628037,2,Montane Grasslands & Shrublands
4572,15,1484,146.75,-36.25,168.90538122819586,2,Temperate Broadleaf & Mixed Forests
4573,6,18,146.75,-35.75,197.6873431826362,1,Temperate Broadleaf & Mixed Forests
4574,3,3,146.75,-35.25,199.5387663626883,1,Temperate Broadleaf & Mixed Forests
4575,7,164,146.75,-34.75,197.88226613362482,1,Temperate Broadleaf & Mixed Forests
4576,3,7,146.75,-34.25,210.89888218927152,1,Temperate Grasslands
4577,4,4,146.75,-33.75,231.64541812377092,1,Temperate Broadleaf & Mixed Forests
4581,1,1,146.75,-31.75,377.3310864611931,1,Temperate Grasslands
4598,1,2,146.75,-23.25,451.26820853975744,3,Tropical & Subtropical Grasslands
4605,2,5,146.75,-19.75,105.85550957082349,3,Tropical & Subtropical Grasslands
4606,21,1304,146.75,-19.25,35.07731376887885,3,Tropical & Subtropical Grasslands
4627,6,180,147.25,-42.75,26.247140091969747,6,Temperate Broadleaf & Mixed Forests
4628,2,8,147.25,-42.25,76.53325583431129,6,Temperate Broadleaf & Mixed Forests
4629,5,26,147.25,-41.75,121.15703761510409,6,Temperate Broadleaf & Mixed Forests
4630,7,128,147.25,-41.25,141.48597835906742,6,Temperate Broadleaf & Mixed Forests
4636,8,61,147.25,-38.25,127.46361019881223,2,Temperate Broadleaf & Mixed Forests
4637,7,28,147.25,-37.75,163.99558910201253,2,Temperate Broadleaf & Mixed Forests
4638,4,14,147.25,-37.25,257.0330514589598,2,Temperate Broadleaf & Mixed Forests
4639,6,35,147.25,-36.75,221.6519682466482,2,Temperate Broadleaf & Mixed Forests
4640,9,54,147.25,-36.25,210.48692771236446,2,Temperate Broadleaf & Mixed Forests
4641,5,17,147.25,-35.75,195.07464125650844,1,Temperate Broadleaf & Mixed Forests
4642,9,60,147.25,-35.25,169.44920584344203,1,Temperate Broadleaf & Mixed Forests
4643,7,36,147.25,-34.75,167.23304307231493,1,Temperate Broadleaf & Mixed Forests
4645,2,2,147.25,-33.75,209.24938954617267,1,Temperate Broadleaf & Mixed Forests
4646,3,3,147.25,-33.25,237.6191338499525,1,Temperate Broadleaf & Mixed Forests
4649,3,5,147.25,-31.75,332.0320611631224,1,Temperate Grasslands
4650,2,2,147.25,-31.25,371.89364436292425,1,Temperate Grasslands
4651,4,25,147.25,-30.75,412.2640577137872,1,Temperate Grasslands
4673,3,4,147.25,-19.75,99.32788729497086,3,Tropical & Subtropical Grasslands
4695,5,60,147.75,-42.75,55.437885464074235,6,Temperate Broadleaf & Mixed Forests
4696,5,17,147.75,-42.25,107.1591130141244,6,Temperate Broadleaf & Mixed Forests
4697,2,2,147.75,-41.75,149.331444895852,6,Temperate Broadleaf & Mixed Forests
4698,5,23,147.75,-41.25,163.7143775746125,6,Temperate Broadleaf & Mixed Forests
4705,9,169,147.75,-37.75,174.29684133071407,2,Temperate Broadleaf & Mixed Forests
4706,5,10,147.75,-37.25,233.63737479257185,2,Temperate Broadleaf & Mixed Forests
4707,1,1,147.75,-36.75,246.8460135102397,2,Temperate Broadleaf & Mixed Forests
4708,1,1,147.75,-36.25,201.41752847793924,2,Temperate Broadleaf & Mixed Forests
4711,5,26,147.75,-34.75,138.07568415783572,1,Temperate Broadleaf & Mixed Forests
4712,3,13,147.75,-34.25,166.36884929607098,1,Temperate Broadleaf & Mixed Forests
4714,2,6,147.75,-33.25,206.1792556106746,1,Temperate Broadleaf & Mixed Forests
4715,7,16,147.75,-32.75,253.57258419478367,1,Temperate Broadleaf & Mixed Forests
4716,1,1,147.75,-32.25,301.37001789483725,1,Temperate Grasslands
4717,3,5,147.75,-31.75,311.389999376502,1,Temperate Grasslands
4719,6,53,147.75,-30.75,382.8024963918519,1,Temperate Grasslands
4722,5,9,147.75,-29.25,408.01217590726947,1,Temperate Grasslands
4731,1,1,147.75,-24.75,519.156659943162,3,Tropical & Subtropical Grasslands
4734,7,18,147.75,-23.25,386.51840719306324,3,Tropical & Subtropical Grasslands
4740,2,7,147.75,-20.25,214.14290514063555,3,Tropical & Subtropical Grasslands
4765,3,5,148.25,-41.75,139.50780047084996,6,Temperate Broadleaf & Mixed Forests
4766,5,26,148.25,-41.25,179.29780062666816,6,Temperate Broadleaf & Mixed Forests
4768,3,8,148.25,-40.25,387.0712680652937,6,Temperate Broadleaf & Mixed Forests
4773,8,32,148.25,-37.75,200.81998545907004,2,Temperate Broadleaf & Mixed Forests
4774,1,1,148.25,-37.25,215.9333311862043,2,Temperate Broadleaf & Mixed Forests
4775,3,8,148.25,-36.75,203.74683190111375,1,Temperate Broadleaf & Mixed Forests
4776,5,52,148.25,-36.25,171.71008240647748,1,Montane Grasslands & Shrublands
4777,5,14,148.25,-35.75,152.95200138248157,1,Temperate Broadleaf & Mixed Forests
4778,4,8,148.25,-35.25,111.70898358659184,1,Temperate Broadleaf & Mixed Forests
4779,6,29,148.25,-34.75,94.83795455952388,1,Temperate Broadleaf & Mixed Forests
4780,7,60,148.25,-34.25,122.52614170811073,1,Temperate Broadleaf & Mixed Forests
4781,7,74,148.25,-33.75,156.58972742995374,1,Temperate Broadleaf & Mixed Forests
4782,6,15,148.25,-33.25,177.55949385213268,1,Temperate Broadleaf & Mixed Forests
4783,3,3,148.25,-32.75,227.10138810229606,1,Temperate Broadleaf & Mixed Forests
4784,7,13,148.25,-32.25,248.65892379443864,1,Temperate Grasslands
4785,3,7,148.25,-31.75,274.2211259613925,1,Temperate Grasslands
4787,1,1,148.25,-30.75,344.1330822006255,1,Temperate Grasslands
4788,2,2,148.25,-30.25,362.1392931717182,1,Temperate Grasslands
4792,2,3,148.25,-28.25,316.85996540649666,3,Temperate Grasslands
4800,6,32,148.25,-24.25,437.2090332455465,3,Tropical & Subtropical Grasslands
4801,10,31,148.25,-23.75,439.92634652294964,3,Tropical & Subtropical Grasslands
4804,1,1,148.25,-22.25,401.9055421367701,3,Tropical & Subtropical Grasslands
4805,3,3,148.25,-21.75,357.24151608885444,3,Tropical & Subtropical Grasslands
4806,8,30,148.25,-21.25,357.37618534562404,3,Tropical & Subtropical Grasslands
4808,3,21,148.25,-20.25,195.83025303209087,3,Tropical & Subtropical Grasslands
4841,2,7,148.75,-37.75,202.31875341651644,2,Temperate Broadleaf & Mixed Forests
4842,6,11,148.75,-37.25,189.9432205152796,2,Temperate Broadleaf & Mixed Forests
4843,4,21,148.75,-36.75,180.8286626295947,1,Temperate Broadleaf & Mixed Forests
4844,8,65,148.75,-36.25,115.81348748314765,1,Temperate Broadleaf & Mixed Forests
4845,4,70,148.75,-35.75,129.91425006907673,1,Montane Grasslands & Shrublands
4846,9,109,148.75,-35.25,77.74600613821377,1,Temperate Broadleaf & Mixed Forests
4847,8,53,148.75,-34.75,67.72782017789443,1,Temperate Broadleaf & Mixed Forests
4848,5,26,148.75,-34.25,108.65982281659626,1,Temperate Broadleaf & Mixed Forests
4849,7,50,148.75,-33.75,140.2996451050216,1,Temperate Broadleaf & Mixed Forests
4850,13,128,148.75,-33.25,157.18694015700308,1,Temperate Broadleaf & Mixed Forests
4851,6,29,148.75,-32.75,189.72546448530167,1,Temperate Broadleaf & Mixed Forests
4852,12,212,148.75,-32.25,212.59519252456818,1,Temperate Grasslands
4853,7,22,148.75,-31.75,238.26765703654019,1,Temperate Grasslands
4854,2,2,148.75,-31.25,272.0169943511972,1,Temperate Grasslands
4856,2,2,148.75,-30.25,328.9370721852567,1,Temperate Grasslands
4857,4,18,148.75,-29.75,347.8682880337343,1,Temperate Grasslands
4860,3,14,148.75,-28.25,277.0817536415775,3,Temperate Grasslands
4867,1,1,148.75,-24.75,432.609582954586,3,Tropical & Subtropical Grasslands
4869,5,5,148.75,-23.75,489.3865159905724,3,Tropical & Subtropical Grasslands
4871,2,2,148.75,-22.75,418.3528273960127,3,Tropical & Subtropical Grasslands
4874,12,51,148.75,-21.25,295.8086632840082,3,Tropical & Subtropical Moist Broadleaf Forests
4875,8,22,148.75,-20.75,249.45702641196735,3,Tropical & Subtropical Moist Broadleaf Forests
4909,8,48,149.25,-37.75,201.76316745185935,2,Temperate Broadleaf & Mixed Forests
4910,3,5,149.25,-37.25,187.09298958715735,2,Temperate Broadleaf & Mixed Forests
4911,7,38,149.25,-36.75,130.91295486539696,1,Temperate Broadleaf & Mixed Forests
4912,5,23,149.25,-36.25,93.66263670169623,1,Temperate Broadleaf & Mixed Forests
4913,9,77,149.25,-35.75,62.296856273519666,1,Temperate Broadleaf & Mixed Forests
4914,13,1784,149.25,-35.25,23.517382354461116,8,Temperate Broadleaf & Mixed Forests
4915,12,335,149.25,-34.75,66.08504897085716,1,Temperate Broadleaf & Mixed Forests
4916,11,82,149.25,-34.25,121.5291475127257,1,Temperate Broadleaf & Mixed Forests
4917,10,91,149.25,-33.75,147.50257620145445,1,Temperate Broadleaf & Mixed Forests
4918,11,164,149.25,-33.25,142.24705765355952,1,Temperate Broadleaf & Mixed Forests
4919,5,20,149.25,-32.75,192.6922024995228,1,Temperate Broadleaf & Mixed Forests
4920,2,4,149.25,-32.25,174.41258417589063,1,Temperate Broadleaf & Mixed Forests
4922,7,15,149.25,-31.25,237.00945016129606,1,Temperate Grasslands
4923,5,12,149.25,-30.75,286.87788868795786,1,Temperate Grasslands
4924,1,1,149.25,-30.25,304.86707933605663,1,Temperate Grasslands
4926,5,12,149.25,-29.25,304.5040093101899,1,Temperate Grasslands
4930,2,2,149.25,-27.25,245.0090341822889,3,Tropical & Subtropical Grasslands
4932,8,8,149.25,-26.25,286.09262304809977,3,Tropical & Subtropical Grasslands
4933,2,2,149.25,-25.75,359.9184977829759,3,Tropical & Subtropical Grasslands
4937,1,1,149.25,-23.75,456.428290157273,3,Tropical & Subtropical Grasslands
4940,1,1,149.25,-22.25,375.6946102732882,3,Tropical & Subtropical Grasslands
4941,1,2,149.25,-21.75,326.98430055457794,3,Tropical & Subtropical Moist Broadleaf Forests
4978,8,72,149.75,-37.25,183.3133083969422,1,Temperate Broadleaf & Mixed Forests
4979,13,407,149.75,-36.75,145.097931911842,1,Temperate Broadleaf & Mixed Forests
4980,8,55,149.75,-36.25,179.77476055585407,1,Temperate Broadleaf & Mixed Forests
4981,11,91,149.75,-35.75,114.65873419315352,1,Temperate Broadleaf & Mixed Forests
4982,13,229,149.75,-35.25,74.30576475470626,1,Temperate Broadleaf & Mixed Forests
4983,10,340,149.75,-34.75,82.09881732900548,1,Temperate Broadleaf & Mixed Forests
4984,12,124,149.75,-34.25,115.25419574193198,1,Temperate Broadleaf & Mixed Forests
4985,7,44,149.75,-33.75,105.24498185666286,1,Temperate Broadleaf & Mixed Forests
4986,9,80,149.75,-33.25,108.96741872968857,1,Temperate Broadleaf & Mixed Forests
4987,13,254,149.75,-32.75,151.07700440120252,1,Temperate Broadleaf & Mixed Forests
4988,3,4,149.75,-32.25,172.38262705383517,1,Temperate Broadleaf & Mixed Forests
4989,1,1,149.75,-31.75,195.38849854299153,1,Temperate Grasslands
4991,13,47,149.75,-30.75,271.54567167234177,1,Temperate Grasslands
4992,15,473,149.75,-30.25,267.1874784290145,1,Temperate Grasslands
4993,1,1,149.75,-29.75,281.58715908602403,1,Temperate Grasslands
4994,3,3,149.75,-29.25,253.78421598511994,1,Temperate Grasslands
4998,6,6,149.75,-27.25,196.4273147364632,3,Tropical & Subtropical Grasslands
4999,1,2,149.75,-26.75,207.1041105471366,3,Tropical & Subtropical Grasslands
5000,3,3,149.75,-26.25,226.24310837217874,3,Tropical & Subtropical Grasslands
5003,2,3,149.75,-24.75,336.97658071065695,3,Tropical & Subtropical Grasslands
5006,5,5,149.75,-23.25,494.74134848096617,3,Tropical & Subtropical Grasslands
5050,16,313,150.25,-35.25,111.94062604843015,1,Temperate Broadleaf & Mixed Forests
5051,18,436,150.25,-34.75,102.48900718873587,1,Temperate Broadleaf & Mixed Forests
5052,13,207,150.25,-34.25,121.40643159284947,1,Temperate Broadleaf & Mixed Forests
5053,15,915,150.25,-33.75,91.1653398853148,1,Temperate Broadleaf & Mixed Forests
5054,16,395,150.25,-33.25,183.07785031898584,1,Temperate Broadleaf & Mixed Forests
5055,7,23,150.25,-32.75,263.05425705833915,1,Temperate Broadleaf & Mixed Forests
5056,6,16,150.25,-32.25,164.85996405590797,1,Temperate Grasslands
5057,2,11,150.25,-31.75,217.989823908514,1,Temperate Grasslands
5058,1,1,150.25,-31.25,190.2984118779855,1,Temperate Grasslands
5059,5,13,150.25,-30.75,231.0839486333088,1,Temperate Grasslands
5060,4,8,150.25,-30.25,308.63770594216885,1,Temperate Broadleaf & Mixed Forests
5061,2,3,150.25,-29.75,280.7832068609652,1,Temperate Broadleaf & Mixed Forests
5063,1,1,150.25,-28.75,187.4131810807121,1,Temperate Grasslands
5065,3,5,150.25,-27.75,175.37578711000415,3,Tropical & Subtropical Grasslands
5066,8,16,150.25,-27.25,152.02453551154062,3,Tropical & Subtropical Grasslands
5071,2,3,150.25,-24.75,333.2579358396396,3,Tropical & Subtropical Grasslands
5072,4,6,150.25,-24.25,331.9173908499534,3,Tropical & Subtropical Grasslands
5074,13,49,150.25,-23.25,398.88379567061656,3,Tropical & Subtropical Grasslands
5119,21,1118,150.75,-34.75,35.2069475415196,1,Temperate Broadleaf & Mixed Forests
5120,23,2405,150.75,-34.25,18.88140139638893,1,Temperate Broadleaf & Mixed Forests
5121,17,2429,150.75,-33.75,15.273920056292091,1,Temperate Broadleaf & Mixed Forests
5122,13,99,150.75,-33.25,143.91462042549693,1,Temperate Broadleaf & Mixed Forests
5123,6,14,150.75,-32.75,179.516173203091,1,Temperate Broadleaf & Mixed Forests
5124,8,48,150.75,-32.25,107.9045764932474,1,Temperate Broadleaf & Mixed Forests
5125,5,34,150.75,-31.75,161.1645538290043,1,Temperate Grasslands
5126,9,35,150.75,-31.25,174.9729768188836,1,Temperate Broadleaf & Mixed Forests
5127,1,2,150.75,-30.75,225.77844698819635,1,Temperate Broadleaf & Mixed Forests
5128,3,5,150.75,-30.25,260.7458130854666,1,Temperate Broadleaf & Mixed Forests
5129,5,9,150.75,-29.75,239.54691595676857,1,Temperate Broadleaf & Mixed Forests
5131,5,16,150.75,-28.75,167.92335330022115,1,Temperate Grasslands
5134,11,22,150.75,-27.25,110.731719674501,3,Tropical & Subtropical Grasslands
5140,4,5,150.75,-24.25,341.0393020653891,3,Temperate Broadleaf & Mixed Forests
5142,13,66,150.75,-23.25,368.7944238608615,3,Tropical & Subtropical Grasslands
5189,19,5471,151.25,-33.75,6.3135510910295585,1,Temperate Broadleaf & Mixed Forests
5190,31,4324,151.25,-33.25,47.33621295242779,1,Temperate Broadleaf & Mixed Forests
5191,27,421,151.25,-32.75,49.87994305519979,1,Temperate Broadleaf & Mixed Forests
5192,13,73,151.25,-32.25,135.6994607056575,1,Temperate Broadleaf & Mixed Forests
5194,6,21,151.25,-31.25,208.94169993215272,1,Temperate Broadleaf & Mixed Forests
5195,11,69,151.25,-30.75,219.91162907642206,1,Temperate Broadleaf & Mixed Forests
5196,7,18,151.25,-30.25,258.44153595242005,1,Temperate Broadleaf & Mixed Forests
5197,9,49,151.25,-29.75,222.5108814447251,1,Temperate Broadleaf & Mixed Forests
5198,6,19,151.25,-29.25,193.4144445894905,1,Temperate Broadleaf & Mixed Forests
5199,5,15,151.25,-28.75,140.52863377703247,3,Temperate Broadleaf & Mixed Forests
5202,1,1,151.25,-27.25,70.80599517281212,3,Tropical & Subtropical Grasslands
5203,5,5,151.25,-26.75,106.94071177835097,3,Tropical & Subtropical Grasslands
5208,9,14,151.25,-24.25,305.2925228278938,3,Temperate Broadleaf & Mixed Forests
5209,9,66,151.25,-23.75,322.50117712589446,3,Tropical & Subtropical Grasslands
5259,24,1231,151.75,-32.75,21.614945381214877,1,Temperate Broadleaf & Mixed Forests
5260,22,408,151.75,-32.25,94.08338590700818,1,Temperate Broadleaf & Mixed Forests
5261,11,45,151.75,-31.75,161.53084112267817,1,Temperate Broadleaf & Mixed Forests
5262,6,17,151.75,-31.25,198.10918771735834,1,Temperate Broadleaf & Mixed Forests
5263,12,148,151.75,-30.75,236.05901324404792,1,Temperate Broadleaf & Mixed Forests
5264,12,238,151.75,-30.25,235.58863560325617,1,Temperate Broadleaf & Mixed Forests
5265,10,112,151.75,-29.75,212.3724145130769,1,Temperate Broadleaf & Mixed Forests
5266,11,18,151.75,-29.25,182.48931442474046,1,Temperate Broadleaf & Mixed Forests
5267,15,122,151.75,-28.75,127.82331208886029,3,Temperate Broadleaf & Mixed Forests
5268,3,6,151.75,-28.25,81.47253404326861,3,Temperate Broadleaf & Mixed Forests
5269,11,55,151.75,-27.75,29.750667852542442,3,Tropical & Subtropical Grasslands
5270,12,31,151.75,-27.25,38.12829479722528,3,Temperate Broadleaf & Mixed Forests
5271,14,29,151.75,-26.75,90.87504460862216,3,Temperate Broadleaf & Mixed Forests
5272,11,31,151.75,-26.25,134.0362664693221,3,Temperate Broadleaf & Mixed Forests
5273,8,27,151.75,-25.75,160.43239776956807,3,Temperate Broadleaf & Mixed Forests
5274,3,6,151.75,-25.25,184.68165697374025,3,Temperate Broadleaf & Mixed Forests
5275,13,50,151.75,-24.75,227.72699124999767,3,Temperate Broadleaf & Mixed Forests
5276,15,100,151.75,-24.25,262.181386339079,3,Temperate Broadleaf & Mixed Forests
5328,20,386,152.25,-32.25,89.30460515900361,1,Temperate Broadleaf & Mixed Forests
5329,19,198,152.25,-31.75,156.83841052098808,1,Temperate Broadleaf & Mixed Forests
5330,13,32,152.25,-31.25,257.52064350633935,1,Temperate Broadleaf & Mixed Forests
5331,1,1,152.25,-30.75,268.3777773063868,1,Temperate Broadleaf & Mixed Forests
5332,10,30,152.25,-30.25,292.826098945069,1,Temperate Broadleaf & Mixed Forests
5333,13,79,152.25,-29.75,315.23197412347326,1,Temperate Broadleaf & Mixed Forests
5334,16,83,152.25,-29.25,241.4096974411878,1,Temperate Broadleaf & Mixed Forests
5335,12,34,152.25,-28.75,136.4414949168534,1,Temperate Broadleaf & Mixed Forests
5336,23,97,152.25,-28.25,76.09918984225031,3,Temperate Broadleaf & Mixed Forests
5337,19,80,152.25,-27.75,51.24904061165127,3,Temperate Broadleaf & Mixed Forests
5338,10,23,152.25,-27.25,51.78625632837084,3,Temperate Broadleaf & Mixed Forests
5339,8,13,152.25,-26.75,95.95618664048874,3,Temperate Broadleaf & Mixed Forests
5340,14,32,152.25,-26.25,108.47190820340299,3,Temperate Broadleaf & Mixed Forests
5341,4,4,152.25,-25.75,139.0049816478607,3,Temperate Broadleaf & Mixed Forests
5342,13,124,152.25,-25.25,162.07612906781333,3,Temperate Broadleaf & Mixed Forests
5343,11,108,152.25,-24.75,185.1946865071633,3,Temperate Broadleaf & Mixed Forests
5397,21,238,152.75,-31.75,130.57680668580107,1,Temperate Broadleaf & Mixed Forests
5398,19,423,152.75,-31.25,179.16853915129542,1,Temperate Broadleaf & Mixed Forests
5399,17,168,152.75,-30.75,213.97763468522538,1,Temperate Broadleaf & Mixed Forests
5400,23,277,152.75,-30.25,207.99855741142147,1,Temperate Broadleaf & Mixed Forests
5401,23,1235,152.75,-29.75,180.80959077500665,1,Temperate Broadleaf & Mixed Forests
5402,9,23,152.75,-29.25,166.28914424866323,1,Temperate Broadleaf & Mixed Forests
5403,16,86,152.75,-28.75,106.02656221562921,1,Temperate Broadleaf & Mixed Forests
5404,12,29,152.75,-28.25,70.0950928433376,3,Temperate Broadleaf & Mixed Forests
5405,20,751,152.75,-27.75,19.457913426889377,3,Temperate Broadleaf & Mixed Forests
5406,22,629,152.75,-27.25,24.740307556359596,3,Temperate Broadleaf & Mixed Forests
5407,25,1064,152.75,-26.75,41.253390441989445,3,Temperate Broadleaf & Mixed Forests
5408,26,2341,152.75,-26.25,57.38987456830711,3,Temperate Broadleaf & Mixed Forests
5409,19,613,152.75,-25.75,114.1357628552121,3,Temperate Broadleaf & Mixed Forests
5469,22,225,153.25,-29.75,149.4432859583795,1,Temperate Broadleaf & Mixed Forests
5470,21,263,153.25,-29.25,105.5358278183069,1,Temperate Broadleaf & Mixed Forests
5471,25,648,153.25,-28.75,62.86537129079864,1,Temperate Broadleaf & Mixed Forests
5472,26,1116,153.25,-28.25,36.66174686892671,1,Temperate Broadleaf & Mixed Forests
5473,30,1001,153.25,-27.75,10.666622202873329,3,Temperate Broadleaf & Mixed Forests
